Feature,RF_Impurity_Importance,Permutation_Importance_Mean,Permutation_Importance_SD
study_resources,0.1902279072789061,0.07873347474701406,0.013527295427966797
travel_time,0.08635271189580385,0.04935441456059721,0.014164063333999506
degree_area,0.06735993054693,0.048993428957019636,0.007378283182149877
part_time_employment,0.0935408387824337,0.04456648118173216,0.008421582786264929
lms_usage,0.09799152509782622,0.0390169200913528,0.013280270703684864
study_hours,0.038594534878429905,0.022127603727479572,0.0056774147779334455
attendance,0.05738860726072287,0.02155440569618271,0.007666305678494133
year_of_study,0.04253732102539606,0.01890437852162874,0.00621226725649168
motivation,0.06788000128457045,0.01472112767393422,0.006794383382121916
academic_stress,0.0485846215038708,0.014673554630047141,0.006436483336500587
assignment_submission,0.06589173220455115,0.011110140648564203,0.007635158925830144
sleep_hours,0.03185694148923739,0.009750410563253759,0.0043064003731094576
internet_quality,0.05512296147850735,0.008391487291454641,0.007046835340223257
time_management,0.027498046046174725,0.008122022193991097,0.005933141620366703
academic_participation,0.022210720486637837,0.005465906219625577,0.0041654195039611455
study_mode,0.006961598740001646,0.00385548834604591,0.0015979586786446754
