Low,Average,High
-0.1196502438698293,-0.0008473134683910675,0.1204975573382206
0.060380513265462635,-0.08019980324836308,0.01981928998290049
0.2060573750512978,-0.04374590168005493,-0.1623114733712429
0.02126813637455093,0.03902456687179491,-0.06029270324634571
-0.08730336262571814,0.08177595853542349,0.005527404090294367
-0.04338102437035879,0.06637184823224239,-0.022990823861883655
-0.020689064134519115,-0.05804518704104057,0.07873425117555971
0.031230606544886127,0.05710895042422792,-0.08833955696911408
-0.031230606544886175,-0.057108950424227894,0.08833955696911397
-0.1479245072853037,0.06911352694396251,0.07881098034134114
-0.09492118275301874,-0.20920565113875395,0.3041268338917725
-0.00981648843430981,0.07760492136642658,-0.06778843293211688
-0.16187053083542743,-0.15490765027518166,0.3167781811106089
-0.12130182178516936,-0.020363397562814304,0.14166521934798373
-0.0028170989270837016,-0.005764292815974197,0.008581391743058059
0.009882045109515781,-0.004044287337685701,-0.005837757771830265
-0.20884880318808438,-0.17677110779095168,0.38561991097903603
-0.011460369750861801,-0.11777188886935244,0.1292322586202143
-0.0018334261833434392,-0.05409095867546912,0.05592438485881286
-0.2496717833924009,0.015048548573646991,0.23462323481875363
-0.27027766654959073,0.3007757037677262,-0.030498037218135546
-0.6365605416065129,0.05000627707015177,0.5865542645363615
0.3818279413259517,0.022697029123132446,-0.4045249704490839
