Model,Fold,Accuracy,Macro_Precision,Macro_Recall,Macro_F1,Low_Recall,Average_Recall,High_Recall
Logistic Regression,1,0.5875,0.5543024227234754,0.6123188405797101,0.5666465317628108,0.5,0.5869565217391305,0.75
Logistic Regression,2,0.5822784810126582,0.5357142857142857,0.5742424242424243,0.5441408409719192,0.7727272727272727,0.5333333333333333,0.4166666666666667
Logistic Regression,3,0.5949367088607594,0.5782980304719435,0.6476430976430976,0.5842063492063492,0.6818181818181818,0.5111111111111111,0.75
Logistic Regression,4,0.6962025316455697,0.6474074074074073,0.7022397891963109,0.6601411281904456,0.8181818181818182,0.6521739130434783,0.6363636363636364
Logistic Regression,5,0.6329113924050633,0.6228250915750916,0.7200263504611332,0.6257716049382717,0.8636363636363636,0.4782608695652174,0.8181818181818182
Decision Tree,1,0.55,0.469656283566058,0.4594861660079051,0.4634788189987163,0.45454545454545453,0.6739130434782609,0.25
Decision Tree,2,0.5822784810126582,0.5706439393939394,0.6304713804713805,0.5622989936715427,0.8636363636363636,0.4444444444444444,0.5833333333333334
Decision Tree,3,0.5949367088607594,0.5555555555555555,0.5836700336700337,0.5663603927883553,0.5454545454545454,0.6222222222222222,0.5833333333333334
Decision Tree,4,0.5316455696202531,0.5266666666666667,0.6231884057971014,0.5340483762791804,0.7727272727272727,0.3695652173913043,0.7272727272727273
Decision Tree,5,0.45569620253164556,0.4444444444444444,0.5171277997364954,0.4538071895424836,0.5454545454545454,0.3695652173913043,0.6363636363636364
Random Forest,1,0.625,0.5777777777777778,0.499780412823891,0.5158712541620422,0.3181818181818182,0.8478260869565217,0.3333333333333333
Random Forest,2,0.6582278481012658,0.6140895717554756,0.6031986531986532,0.6065398016617528,0.6818181818181818,0.7111111111111111,0.4166666666666667
Random Forest,3,0.6075949367088608,0.5725200725200725,0.6065656565656566,0.5819624819624819,0.6363636363636364,0.6,0.5833333333333334
Random Forest,4,0.6835443037974683,0.6502923976608187,0.6785243741765482,0.6582685607075851,0.5909090909090909,0.717391304347826,0.7272727272727273
Random Forest,5,0.759493670886076,0.7190098261526834,0.7068511198945981,0.7099160945842868,0.6363636363636364,0.8478260869565217,0.6363636363636364
