Original_Feature,Importance
study_resources,0.1902279072789061
lms_usage,0.09799152509782622
part_time_employment,0.0935408387824337
travel_time,0.08635271189580385
motivation,0.06788000128457045
degree_area,0.06735993054693
assignment_submission,0.06589173220455115
attendance,0.05738860726072287
internet_quality,0.05512296147850735
academic_stress,0.0485846215038708
year_of_study,0.04253732102539606
study_hours,0.038594534878429905
sleep_hours,0.03185694148923739
time_management,0.027498046046174725
academic_participation,0.022210720486637837
study_mode,0.006961598740001646
